Feature,Importance
C13,0.2473359
C14,0.22425193
V70,0.19638339
C1,0.18198004
card6,0.17285176
V258,0.15944941
TransactionAmt,0.13651933
D1,0.13417143
C11,0.13204807
M4,0.11372676
C2,0.11016124
M6,0.106765114
card1,0.10376201
card2,0.10029573
P_emaildomain,0.09933032
TransactionDT,0.08948811
running_avg_amount,0.089433104
V91,0.08854712
C6,0.08631644
D4,0.08352713
M5,0.083101526
C4,0.082930945
V48,0.07965913
D2,0.079309516
D3,0.075160556
card5,0.07176875
id_17,0.07070836
running_std_amount,0.06830085
V317,0.065528095
C8,0.06516987
D15,0.0630973
TransactionAmt_Log,0.059294086
addr1,0.05922111
C5,0.0587768
M7,0.05799644
running_max_amount,0.057234257
running_min_amount,0.054739367
previous_transaction_count,0.052062806
ProductCD,0.050442956
V294,0.048191205
D11,0.045820586
amount_vs_running_avg,0.045750137
dist1,0.045337565
V308,0.042139795
amount_zscore,0.039053883
time_since_prev_txn,0.038270734
Hour,0.0382146
V310,0.035993848
V283,0.035944834
V285,0.035579994
C9,0.034555536
prev_addr1,0.03421321
location_changed,0.0337127
V187,0.033160258
D10,0.03300462
D8,0.03209931
M3,0.031512916
R_emaildomain,0.03102034
id_02,0.031018285
DeviceInfo,0.03098575
amount_vs_running_max,0.03052552
id_31,0.029734641
V102,0.0297021
card3,0.028074909
V12,0.02775565
V82,0.027681446
V49,0.026203992
TimeBucket,0.026087372
card4,0.025858538
V281,0.025854958
V53,0.024797661
D5,0.024381872
C10,0.024251325
prev_hour,0.022140557
V307,0.021485178
D13,0.020674441
V128,0.020195665
V45,0.020188333
V38,0.019429713
V76,0.019012092
id_05,0.018940473
V201,0.018682795
V83,0.017643996
V316,0.016770765
V19,0.016477803
V99,0.016476002
V312,0.016349848
id_20,0.01545663
id_01,0.015437555
V243,0.014769845
V2,0.014738
V130,0.01399226
id_06,0.013824718
V296,0.013604007
V94,0.012885497
V313,0.012719607
V131,0.012673748
M9,0.011449507
DeviceType,0.0113856895
id_38,0.011203378
V56,0.010868401
V96,0.010849912
V54,0.010830286
V24,0.010598982
M8,0.010465592
V129,0.010419429
V61,0.010179736
V291,0.009821918
V67,0.009738387
V55,0.00967086
V34,0.009599082
V90,0.009577682
V62,0.009395474
C3,0.00938437
V33,0.009325687
V309,0.009315947
V314,0.009297571
D6,0.0086857965
id_19,0.008369804
V87,0.0082835965
V280,0.008189057
V257,0.008078996
C12,0.00805638
V261,0.008024271
id_12,0.007913849
V73,0.007897276
V136,0.007855998
V13,0.0077438303
Prev_transaction_amt,0.0076642996
V30,0.007657994
V10,0.0075603994
V60,0.0072385888
id_36,0.0071613654
V290,0.00646639
V5,0.0063890726
V311,0.006201491
M2,0.0059403623
V315,0.005846633
V29,0.0057754256
V75,0.005644138
V63,0.0051854085
V23,0.005089065
V189,0.0050560352
V86,0.00501429
V20,0.0048103863
prev_email,0.004700117
V72,0.004537457
V36,0.0043978095
V74,0.004249349
V169,0.00423254
V320,0.0041839774
V209,0.0040333765
V64,0.0038856538
txn_count_last_5min,0.0037884605
V50,0.003756066
V7,0.0037263911
V170,0.0037117645
V124,0.003654199
V35,0.0036439872
id_13,0.0035398407
V11,0.0035071597
amount_last_5min,0.0035057513
id_37,0.0034407869
V133,0.0033896046
V77,0.0033833778
V8,0.0033416282
V71,0.0033050496
V115,0.0032892288
V298,0.0032773872
V245,0.0032769744
V182,0.0032371471
V216,0.0031146617
V105,0.002930828
V215,0.0028686514
V44,0.0028286038
V288,0.0028051678
V231,0.0027899244
C7,0.00274592
V203,0.0027215
V4,0.0027036602
V184,0.0026991882
V248,0.0026848784
V287,0.0026627101
V81,0.0026554337
V276,0.0025223969
id_11,0.0024535058
V217,0.0022749568
V43,0.0022673411
V125,0.0021205426
email_changed,0.002059919
id_16,0.0020399156
V289,0.0020271004
V256,0.0019448689
V135,0.0019434406
V301,0.0019351924
V178,0.0017585226
V266,0.0016912422
V271,0.0016901639
V211,0.0016561367
V42,0.0015582737
V127,0.0015445135
V262,0.0014851223
V192,0.0014070232
V260,0.0013555515
V172,0.0013364381
V233,0.0013178869
V277,0.0012760486
V293,0.0012626802
V37,0.0012494208
V69,0.0011992295
V66,0.0011972134
V218,0.0011919483
V84,0.0011875136
D7,0.0011814779
V78,0.0011126013
V126,0.0010896076
D9,0.0010748869
V188,0.0010683637
D12,0.0010111775
prev_device,0.0010041401
V268,0.00093044626
V193,0.0009059733
V80,0.0009056948
V207,0.00088834803
V267,0.00083789026
V230,0.0008357914
V270,0.00080527866
V108,0.00079464255
V282,0.0007929098
V214,0.0007465075
V175,0.00074356317
V319,0.0007089147
V222,0.0006967268
V134,0.0006945379
V224,0.00066957093
V274,0.00066905166
V109,0.0006571515
V295,0.0006234773
V264,0.0006188281
V286,0.00061526225
V15,0.0006149552
V85,0.0006093862
V40,0.0005816097
V246,0.0005558495
V321,0.0005386822
V259,0.0005198097
id_15,0.00050158723
V244,0.00049386866
V272,0.00043035977
V198,0.00042612202
V228,0.000421906
V47,0.00041330143
V6,0.00040528018
V191,0.00035983493
V226,0.00035643933
V269,0.00035119397
V234,0.00033845415
V235,0.00031392433
V250,0.00031293076
V3,0.00030512444
V59,0.0002833067
V205,0.00027376626
V238,0.0002682223
V225,0.00026540144
V97,0.00025561906
V204,0.00024018582
D14,0.00023510613
V278,0.00023234561
V223,0.0002246894
V57,0.00022452085
V118,0.000208104
V190,0.0002077608
V183,0.00020463149
device_changed,0.00019843018
V279,0.00019552094
V52,0.00014959132
V227,0.0001392283
avg_amount_last_5min,0.00013441946
V229,0.00011887472
V168,0.00011347
V177,0.00011010996
V181,0.00010800215
V9,0.00010376499
max_amount_last_5min,0.000100000834
BusinessHours,9.864164e-05
V199,9.553363e-05
V200,9.1559144e-05
V26,8.6160115e-05
V318,8.487004e-05
V179,8.403936e-05
V173,7.865268e-05
V208,7.68107e-05
V206,7.05542e-05
V220,6.7829256e-05
V275,6.654683e-05
V95,6.525719e-05
V236,6.50814e-05
V180,6.2019404e-05
V221,5.696237e-05
V210,5.1526822e-05
V300,4.542074e-05
V132,3.8357513e-05
V79,3.626643e-05
V202,3.6134716e-05
V171,3.306175e-05
M1,2.2242717e-05
V51,2.1978718e-05
V252,2.0136915e-05
V265,2.0069196e-05
V196,1.0653281e-05
V284,0.0
V68,0.0
V89,0.0
V92,0.0
HighValueFlag,0.0
V93,0.0
V98,0.0
V100,0.0
V101,0.0
V103,0.0
V104,0.0
V106,0.0
id_35,0.0
V107,0.0
id_29,0.0
id_28,0.0
V110,0.0
V111,0.0
V112,0.0
V88,0.0
V65,0.0
V273,0.0
V58,0.0
V1,0.0
V14,0.0
V16,0.0
V17,0.0
V18,0.0
V21,0.0
V22,0.0
V25,0.0
is_first_transaction,0.0
V27,0.0
V28,0.0
V31,0.0
addr2,0.0
V32,0.0
V39,0.0
V41,0.0
V46,0.0
V113,0.0
V114,0.0
V116,0.0
V117,0.0
V306,0.0
V305,0.0
V304,0.0
V303,0.0
V302,0.0
V241,0.0
V242,0.0
V299,0.0
V247,0.0
V297,0.0
V249,0.0
V251,0.0
V253,0.0
V254,0.0
V292,0.0
V255,0.0
V263,0.0
V240,0.0
V239,0.0
V237,0.0
V176,0.0
V119,0.0
V120,0.0
V121,0.0
V122,0.0
V123,0.0
V137,0.0
V167,0.0
V185,0.0
V232,0.0
V186,0.0
V194,0.0
V195,0.0
V197,0.0
V212,0.0
V213,0.0
V219,0.0
V174,0.0
