Threshold,Precision,Recall,F1
0.1,0.05511580590317456,0.9731791338582677,0.10432328347972884
0.15000000000000002,0.07001145642014148,0.9473425196850394,0.13038692744052155
0.20000000000000004,0.08651375934455065,0.9197834645669292,0.1581519324744558
0.25000000000000006,0.10523109060840805,0.8924704724409449,0.18826399522462434
0.30000000000000004,0.12449627331407581,0.859005905511811,0.21747391372060426
0.3500000000000001,0.14535712742513934,0.827755905511811,0.2472893005476532
0.40000000000000013,0.16616190133976697,0.796505905511811,0.27496283712040775
0.4500000000000001,0.18698844487241215,0.7645177165354331,0.3004835589941973
0.5000000000000001,0.21355763062228242,0.7372047244094488,0.33117780357044163
0.5500000000000002,0.2427085975145828,0.7064468503937008,0.3612911344617127
0.6000000000000002,0.27750809061488674,0.6751968503937008,0.393348623853211
0.6500000000000001,0.31779919482737584,0.640994094488189,0.424924557540168
0.7000000000000002,0.35994043186895014,0.5947342519685039,0.4484646071064106
0.7500000000000002,0.4155697630688229,0.5437992125984252,0.4711149008740141
0.8000000000000003,0.4784907474164864,0.48991141732283466,0.4841337386018237
0.8500000000000003,0.5631098520616934,0.4402066929133858,0.4941306449385444
0.9000000000000002,0.668825561312608,0.3811515748031496,0.4855799373040752
